Year;Sector;Pollutant;RepShare;CalcShare
2018;GROUP_Agriculture;1;0.00000;1.00000
2018;GROUP_Agriculture;3;0.00000;1.00000
2018;GROUP_Agriculture;5;0.00000;1.00000
2018;GROUP_Agriculture;7;0.00000;1.00000
2018;GROUP_Agriculture;8;0.00000;1.00000
2018;GROUP_Agriculture;12;0.00000;1.00000
2018;GROUP_Agriculture;13;0.00000;1.00000
2018;GROUP_Agriculture;14;0.00000;1.00000
2018;GROUP_Agriculture;15;0.00000;1.00000
2018;GROUP_Agriculture;16;0.00000;1.00000
2018;GROUP_Agriculture;17;0.00000;1.00000
2018;GROUP_Agriculture;18;0.00000;1.00000
2018;GROUP_Agriculture;19;0.00000;1.00000
2018;GROUP_Agriculture;22;0.00000;1.00000
2018;GROUP_Agriculture;25;0.00000;1.00000
2018;GROUP_Agriculture;27;0.00000;1.00000
2018;GROUP_Agriculture;28;0.00000;1.00000
2018;GROUP_Agriculture;29;0.00000;1.00000
2018;GROUP_Agriculture;37;0.00000;1.00000
2018;GROUP_Agriculture;38;0.00000;1.00000
2018;GROUP_Agriculture;43;0.00000;1.00000
2018;GROUP_OtherComb;1;0.00000;1.00000
2018;GROUP_OtherComb;3;0.00000;1.00000
2018;GROUP_OtherComb;4;0.00000;1.00000
2018;GROUP_OtherComb;5;0.00001;0.99999
2018;GROUP_OtherComb;6;0.00012;0.99988
2018;GROUP_OtherComb;7;0.00000;1.00000
2018;GROUP_OtherComb;8;0.00000;1.00000
2018;GROUP_OtherComb;10;0.00000;1.00000
2018;GROUP_OtherComb;11;0.00000;1.00000
2018;GROUP_OtherComb;12;0.00000;1.00000
2018;GROUP_OtherComb;13;0.00000;1.00000
2018;GROUP_OtherComb;14;0.00000;1.00000
2018;GROUP_OtherComb;15;0.00000;1.00000
2018;GROUP_OtherComb;16;0.00207;0.99793
2018;GROUP_OtherComb;17;0.00000;1.00000
2018;GROUP_OtherComb;18;0.00000;1.00000
2018;GROUP_OtherComb;19;0.00000;1.00000
2018;GROUP_OtherComb;22;0.00023;0.99977
2018;GROUP_OtherComb;25;0.00000;1.00000
2018;GROUP_OtherComb;26;0.00000;1.00000
2018;GROUP_OtherComb;27;0.00057;0.99943
2018;GROUP_OtherComb;28;0.00000;1.00000
2018;GROUP_OtherComb;29;0.00000;1.00000
2018;GROUP_OtherComb;30;0.00010;0.99990
2018;GROUP_OtherComb;31;0.00000;1.00000
2018;GROUP_OtherComb;37;0.00000;1.00000
2018;GROUP_OtherComb;38;0.00000;1.00000
2018;GROUP_OtherComb;39;0.00000;1.00000
2018;GROUP_OtherComb;40;0.00000;1.00000
2018;GROUP_OtherComb;43;0.00000;1.00000
2018;GROUP_OtherComb;44;0.00000;1.00000
2018;GROUP_PowerIndustry;1;0.26636;0.73364
2018;GROUP_PowerIndustry;3;0.10908;0.89092
2018;GROUP_PowerIndustry;4;0.15858;0.84142
2018;GROUP_PowerIndustry;5;0.13897;0.86103
2018;GROUP_PowerIndustry;6;0.94353;0.05647
2018;GROUP_PowerIndustry;7;0.39224;0.60776
2018;GROUP_PowerIndustry;8;0.23559;0.76441
2018;GROUP_PowerIndustry;10;0.23010;0.76990
2018;GROUP_PowerIndustry;11;0.32538;0.67462
2018;GROUP_PowerIndustry;12;0.65665;0.34335
2018;GROUP_PowerIndustry;13;0.95809;0.04191
2018;GROUP_PowerIndustry;14;0.59910;0.40090
2018;GROUP_PowerIndustry;15;0.42298;0.57702
2018;GROUP_PowerIndustry;16;0.93100;0.06900
2018;GROUP_PowerIndustry;17;0.14364;0.85636
2018;GROUP_PowerIndustry;18;0.11125;0.88875
2018;GROUP_PowerIndustry;19;0.19332;0.80668
2018;GROUP_PowerIndustry;22;0.89977;0.10023
2018;GROUP_PowerIndustry;25;0.23678;0.76322
2018;GROUP_PowerIndustry;26;0.65112;0.34888
2018;GROUP_PowerIndustry;27;0.59126;0.40874
2018;GROUP_PowerIndustry;28;0.00000;1.00000
2018;GROUP_PowerIndustry;29;0.00000;1.00000
2018;GROUP_PowerIndustry;30;0.76551;0.23449
2018;GROUP_PowerIndustry;31;0.27055;0.72945
2018;GROUP_PowerIndustry;34;1.00000;0.00000
2018;GROUP_PowerIndustry;35;1.00000;0.00000
2018;GROUP_PowerIndustry;36;1.00000;0.00000
2018;GROUP_PowerIndustry;37;0.98015;0.01985
2018;GROUP_PowerIndustry;38;0.76078;0.23922
2018;GROUP_PowerIndustry;40;0.23499;0.76501
2018;GROUP_PowerIndustry;41;1.00000;0.00000
2018;GROUP_PowerIndustry;43;0.00000;1.00000
2018;GROUP_Products;1;0.00000;1.00000
2018;GROUP_Products;3;0.00000;1.00000
2018;GROUP_Products;4;1.00000;0.00000
2018;GROUP_Products;5;0.00000;1.00000
2018;GROUP_Products;6;1.00000;0.00000
2018;GROUP_Products;7;0.00000;1.00000
2018;GROUP_Products;8;0.00000;1.00000
2018;GROUP_Products;12;0.00000;1.00000
2018;GROUP_Products;13;0.29810;0.70190
2018;GROUP_Products;14;0.00000;1.00000
2018;GROUP_Products;15;0.19816;0.80184
2018;GROUP_Products;16;0.00000;1.00000
2018;GROUP_Products;17;0.00000;1.00000
2018;GROUP_Products;18;0.00000;1.00000
2018;GROUP_Products;19;0.00000;1.00000
2018;GROUP_Products;22;0.14149;0.85851
2018;GROUP_Products;25;0.00000;1.00000
2018;GROUP_Products;26;1.00000;0.00000
2018;GROUP_Products;27;0.27108;0.72892
2018;GROUP_Products;28;0.00000;1.00000
2018;GROUP_Products;29;0.00000;1.00000
2018;GROUP_Products;30;1.00000;0.00000
2018;GROUP_Products;37;0.00000;1.00000
2018;GROUP_Products;38;0.00000;1.00000
2018;GROUP_Products;40;0.00000;1.00000
2018;GROUP_Products;43;0.00000;1.00000
2018;GROUP_Transport;1;0.00000;1.00000
2018;GROUP_Transport;3;0.00000;1.00000
2018;GROUP_Transport;4;0.90572;0.09428
2018;GROUP_Transport;5;0.00000;1.00000
2018;GROUP_Transport;6;0.05080;0.94920
2018;GROUP_Transport;7;0.00000;1.00000
2018;GROUP_Transport;8;0.00000;1.00000
2018;GROUP_Transport;10;;
2018;GROUP_Transport;11;;
2018;GROUP_Transport;12;0.00000;1.00000
2018;GROUP_Transport;13;0.00000;1.00000
2018;GROUP_Transport;14;0.00000;1.00000
2018;GROUP_Transport;15;0.00000;1.00000
2018;GROUP_Transport;16;0.00014;0.99986
2018;GROUP_Transport;17;0.00000;1.00000
2018;GROUP_Transport;18;0.00000;1.00000
2018;GROUP_Transport;19;0.00000;1.00000
2018;GROUP_Transport;22;0.00000;1.00000
2018;GROUP_Transport;25;0.00000;1.00000
2018;GROUP_Transport;26;0.00000;1.00000
2018;GROUP_Transport;27;0.00000;1.00000
2018;GROUP_Transport;28;0.00000;1.00000
2018;GROUP_Transport;29;0.00000;1.00000
2018;GROUP_Transport;30;;
2018;GROUP_Transport;31;;
2018;GROUP_Transport;37;0.00000;1.00000
2018;GROUP_Transport;38;0.00000;1.00000
2018;GROUP_Transport;40;0.00000;1.00000
2018;GROUP_Transport;43;0.00000;1.00000
2015;GROUP_Agriculture;1;0.00000;1.00000
2015;GROUP_Agriculture;3;0.00000;1.00000
2015;GROUP_Agriculture;5;0.00000;1.00000
2015;GROUP_Agriculture;7;0.00000;1.00000
2015;GROUP_Agriculture;8;0.00000;1.00000
2015;GROUP_Agriculture;12;0.00000;1.00000
2015;GROUP_Agriculture;13;0.00000;1.00000
2015;GROUP_Agriculture;14;0.00000;1.00000
2015;GROUP_Agriculture;15;0.00000;1.00000
2015;GROUP_Agriculture;16;0.00000;1.00000
2015;GROUP_Agriculture;17;0.00000;1.00000
2015;GROUP_Agriculture;18;0.00000;1.00000
2015;GROUP_Agriculture;19;0.00000;1.00000
2015;GROUP_Agriculture;22;0.00000;1.00000
2015;GROUP_Agriculture;25;0.00000;1.00000
2015;GROUP_Agriculture;27;0.00000;1.00000
2015;GROUP_Agriculture;28;0.00000;1.00000
2015;GROUP_Agriculture;29;0.00000;1.00000
2015;GROUP_Agriculture;37;0.00000;1.00000
2015;GROUP_Agriculture;38;0.00000;1.00000
2015;GROUP_Agriculture;43;0.00000;1.00000
2015;GROUP_OtherComb;1;0.00000;1.00000
2015;GROUP_OtherComb;3;0.00000;1.00000
2015;GROUP_OtherComb;4;0.00000;1.00000
2015;GROUP_OtherComb;5;0.00001;0.99999
2015;GROUP_OtherComb;6;0.00137;0.99863
2015;GROUP_OtherComb;7;0.00000;1.00000
2015;GROUP_OtherComb;8;0.00000;1.00000
2015;GROUP_OtherComb;10;0.00000;1.00000
2015;GROUP_OtherComb;11;0.00000;1.00000
2015;GROUP_OtherComb;12;0.00000;1.00000
2015;GROUP_OtherComb;13;0.00000;1.00000
2015;GROUP_OtherComb;14;0.00232;0.99768
2015;GROUP_OtherComb;15;0.00000;1.00000
2015;GROUP_OtherComb;16;0.00567;0.99433
2015;GROUP_OtherComb;17;0.00000;1.00000
2015;GROUP_OtherComb;18;0.00038;0.99962
2015;GROUP_OtherComb;19;0.00000;1.00000
2015;GROUP_OtherComb;22;0.00354;0.99646
2015;GROUP_OtherComb;25;0.00000;1.00000
2015;GROUP_OtherComb;26;0.00000;1.00000
2015;GROUP_OtherComb;27;0.00057;0.99943
2015;GROUP_OtherComb;28;0.00000;1.00000
2015;GROUP_OtherComb;29;0.00000;1.00000
2015;GROUP_OtherComb;30;0.00000;1.00000
2015;GROUP_OtherComb;31;0.00474;0.99526
2015;GROUP_OtherComb;37;0.00000;1.00000
2015;GROUP_OtherComb;38;0.00000;1.00000
2015;GROUP_OtherComb;39;0.00000;1.00000
2015;GROUP_OtherComb;40;0.00000;1.00000
2015;GROUP_OtherComb;43;0.00000;1.00000
2015;GROUP_OtherComb;44;0.00000;1.00000
2015;GROUP_PowerIndustry;1;0.25072;0.74928
2015;GROUP_PowerIndustry;3;0.17833;0.82167
2015;GROUP_PowerIndustry;4;0.31551;0.68449
2015;GROUP_PowerIndustry;5;0.19707;0.80293
2015;GROUP_PowerIndustry;6;0.95822;0.04178
2015;GROUP_PowerIndustry;7;0.38666;0.61334
2015;GROUP_PowerIndustry;8;0.30348;0.69652
2015;GROUP_PowerIndustry;10;0.17112;0.82888
2015;GROUP_PowerIndustry;11;0.15516;0.84484
2015;GROUP_PowerIndustry;12;0.67330;0.32670
2015;GROUP_PowerIndustry;13;0.99308;0.00692
2015;GROUP_PowerIndustry;14;0.56633;0.43367
2015;GROUP_PowerIndustry;15;0.46100;0.53900
2015;GROUP_PowerIndustry;16;0.95261;0.04739
2015;GROUP_PowerIndustry;17;0.21221;0.78779
2015;GROUP_PowerIndustry;18;0.11644;0.88356
2015;GROUP_PowerIndustry;19;0.20259;0.79741
2015;GROUP_PowerIndustry;22;0.95109;0.04891
2015;GROUP_PowerIndustry;25;0.25166;0.74834
2015;GROUP_PowerIndustry;26;0.53542;0.46458
2015;GROUP_PowerIndustry;27;0.67781;0.32219
2015;GROUP_PowerIndustry;28;0.00000;1.00000
2015;GROUP_PowerIndustry;29;0.00000;1.00000
2015;GROUP_PowerIndustry;30;0.81440;0.18560
2015;GROUP_PowerIndustry;31;0.34750;0.65250
2015;GROUP_PowerIndustry;34;1.00000;0.00000
2015;GROUP_PowerIndustry;35;1.00000;0.00000
2015;GROUP_PowerIndustry;36;1.00000;0.00000
2015;GROUP_PowerIndustry;37;0.98373;0.01627
2015;GROUP_PowerIndustry;38;0.56552;0.43448
2015;GROUP_PowerIndustry;40;0.21250;0.78750
2015;GROUP_PowerIndustry;41;1.00000;0.00000
2015;GROUP_PowerIndustry;43;0.00000;1.00000
2015;GROUP_Products;1;0.00000;1.00000
2015;GROUP_Products;3;0.00000;1.00000
2015;GROUP_Products;4;1.00000;0.00000
2015;GROUP_Products;5;0.00000;1.00000
2015;GROUP_Products;7;0.00000;1.00000
2015;GROUP_Products;8;0.00000;1.00000
2015;GROUP_Products;12;0.00000;1.00000
2015;GROUP_Products;13;0.22567;0.77433
2015;GROUP_Products;14;0.00000;1.00000
2015;GROUP_Products;15;0.18713;0.81287
2015;GROUP_Products;16;0.00000;1.00000
2015;GROUP_Products;17;0.00000;1.00000
2015;GROUP_Products;18;0.00000;1.00000
2015;GROUP_Products;19;0.00000;1.00000
2015;GROUP_Products;22;0.68835;0.31165
2015;GROUP_Products;25;0.00000;1.00000
2015;GROUP_Products;26;1.00000;0.00000
2015;GROUP_Products;27;0.30032;0.69968
2015;GROUP_Products;28;0.00000;1.00000
2015;GROUP_Products;29;0.00000;1.00000
2015;GROUP_Products;37;0.00000;1.00000
2015;GROUP_Products;38;0.00000;1.00000
2015;GROUP_Products;40;0.00000;1.00000
2015;GROUP_Products;43;0.00000;1.00000
2015;GROUP_Transport;1;0.00000;1.00000
2015;GROUP_Transport;3;0.00000;1.00000
2015;GROUP_Transport;4;0.96533;0.03467
2015;GROUP_Transport;5;0.00000;1.00000
2015;GROUP_Transport;6;0.03288;0.96712
2015;GROUP_Transport;7;0.00000;1.00000
2015;GROUP_Transport;8;0.00000;1.00000
2015;GROUP_Transport;10;;
2015;GROUP_Transport;11;;
2015;GROUP_Transport;12;0.00000;1.00000
2015;GROUP_Transport;13;0.00000;1.00000
2015;GROUP_Transport;14;0.00000;1.00000
2015;GROUP_Transport;15;0.00000;1.00000
2015;GROUP_Transport;16;0.00007;0.99993
2015;GROUP_Transport;17;0.00000;1.00000
2015;GROUP_Transport;18;0.00000;1.00000
2015;GROUP_Transport;19;0.00000;1.00000
2015;GROUP_Transport;22;0.00000;1.00000
2015;GROUP_Transport;25;0.00000;1.00000
2015;GROUP_Transport;26;0.00000;1.00000
2015;GROUP_Transport;27;0.00000;1.00000
2015;GROUP_Transport;28;0.00000;1.00000
2015;GROUP_Transport;29;0.00000;1.00000
2015;GROUP_Transport;30;;
2015;GROUP_Transport;31;;
2015;GROUP_Transport;37;0.00000;1.00000
2015;GROUP_Transport;38;0.00000;1.00000
2015;GROUP_Transport;40;0.00000;1.00000
2015;GROUP_Transport;43;0.00000;1.00000
2010;GROUP_Agriculture;1;0.00000;1.00000
2010;GROUP_Agriculture;3;0.00000;1.00000
2010;GROUP_Agriculture;5;0.00000;1.00000
2010;GROUP_Agriculture;7;0.00000;1.00000
2010;GROUP_Agriculture;8;0.00000;1.00000
2010;GROUP_Agriculture;12;0.00000;1.00000
2010;GROUP_Agriculture;13;0.00000;1.00000
2010;GROUP_Agriculture;14;0.00000;1.00000
2010;GROUP_Agriculture;15;0.00000;1.00000
2010;GROUP_Agriculture;16;0.00000;1.00000
2010;GROUP_Agriculture;17;0.00000;1.00000
2010;GROUP_Agriculture;18;0.00000;1.00000
2010;GROUP_Agriculture;19;0.00000;1.00000
2010;GROUP_Agriculture;22;0.00000;1.00000
2010;GROUP_Agriculture;25;0.00000;1.00000
2010;GROUP_Agriculture;27;0.00000;1.00000
2010;GROUP_Agriculture;28;0.00000;1.00000
2010;GROUP_Agriculture;29;0.00000;1.00000
2010;GROUP_Agriculture;37;0.00000;1.00000
2010;GROUP_Agriculture;38;0.00000;1.00000
2010;GROUP_Agriculture;43;0.00000;1.00000
2010;GROUP_OtherComb;1;0.00000;1.00000
2010;GROUP_OtherComb;3;0.00000;1.00000
2010;GROUP_OtherComb;4;0.00000;1.00000
2010;GROUP_OtherComb;5;0.00000;1.00000
2010;GROUP_OtherComb;6;0.00310;0.99690
2010;GROUP_OtherComb;7;0.00000;1.00000
2010;GROUP_OtherComb;8;0.00000;1.00000
2010;GROUP_OtherComb;10;0.00000;1.00000
2010;GROUP_OtherComb;11;0.00000;1.00000
2010;GROUP_OtherComb;12;0.00000;1.00000
2010;GROUP_OtherComb;13;0.00000;1.00000
2010;GROUP_OtherComb;14;0.00227;0.99773
2010;GROUP_OtherComb;15;0.00000;1.00000
2010;GROUP_OtherComb;16;0.00329;0.99671
2010;GROUP_OtherComb;17;0.00000;1.00000
2010;GROUP_OtherComb;18;0.00053;0.99947
2010;GROUP_OtherComb;19;0.00000;1.00000
2010;GROUP_OtherComb;22;0.00979;0.99021
2010;GROUP_OtherComb;25;0.00000;1.00000
2010;GROUP_OtherComb;26;0.00000;1.00000
2010;GROUP_OtherComb;27;0.00115;0.99885
2010;GROUP_OtherComb;28;0.00000;1.00000
2010;GROUP_OtherComb;29;0.00000;1.00000
2010;GROUP_OtherComb;30;0.00000;1.00000
2010;GROUP_OtherComb;31;0.00429;0.99571
2010;GROUP_OtherComb;37;0.00000;1.00000
2010;GROUP_OtherComb;38;0.00000;1.00000
2010;GROUP_OtherComb;39;0.00000;1.00000
2010;GROUP_OtherComb;40;0.00000;1.00000
2010;GROUP_OtherComb;43;0.00000;1.00000
2010;GROUP_OtherComb;44;0.00000;1.00000
2010;GROUP_PowerIndustry;1;0.30715;0.69285
2010;GROUP_PowerIndustry;3;0.51202;0.48798
2010;GROUP_PowerIndustry;4;0.32793;0.67207
2010;GROUP_PowerIndustry;5;0.25057;0.74943
2010;GROUP_PowerIndustry;6;0.96198;0.03802
2010;GROUP_PowerIndustry;7;0.57792;0.42208
2010;GROUP_PowerIndustry;8;0.35097;0.64903
2010;GROUP_PowerIndustry;10;0.24264;0.75736
2010;GROUP_PowerIndustry;11;0.17438;0.82562
2010;GROUP_PowerIndustry;12;0.76690;0.23310
2010;GROUP_PowerIndustry;13;0.99505;0.00495
2010;GROUP_PowerIndustry;14;0.49073;0.50927
2010;GROUP_PowerIndustry;15;0.51343;0.48657
2010;GROUP_PowerIndustry;16;0.95136;0.04864
2010;GROUP_PowerIndustry;17;0.12257;0.87743
2010;GROUP_PowerIndustry;18;0.32156;0.67844
2010;GROUP_PowerIndustry;19;0.41459;0.58541
2010;GROUP_PowerIndustry;22;0.95374;0.04626
2010;GROUP_PowerIndustry;25;0.41111;0.58889
2010;GROUP_PowerIndustry;26;0.41710;0.58290
2010;GROUP_PowerIndustry;27;0.64589;0.35411
2010;GROUP_PowerIndustry;28;0.00000;1.00000
2010;GROUP_PowerIndustry;29;0.00000;1.00000
2010;GROUP_PowerIndustry;30;0.89196;0.10804
2010;GROUP_PowerIndustry;31;0.28466;0.71534
2010;GROUP_PowerIndustry;34;1.00000;0.00000
2010;GROUP_PowerIndustry;35;1.00000;0.00000
2010;GROUP_PowerIndustry;36;1.00000;0.00000
2010;GROUP_PowerIndustry;37;1.00000;0.00000
2010;GROUP_PowerIndustry;38;0.18475;0.81525
2010;GROUP_PowerIndustry;40;0.24994;0.75006
2010;GROUP_PowerIndustry;41;1.00000;0.00000
2010;GROUP_PowerIndustry;43;0.00000;1.00000
2010;GROUP_Products;1;0.00000;1.00000
2010;GROUP_Products;3;0.00000;1.00000
2010;GROUP_Products;4;1.00000;0.00000
2010;GROUP_Products;5;0.00000;1.00000
2010;GROUP_Products;7;0.00000;1.00000
2010;GROUP_Products;8;0.00000;1.00000
2010;GROUP_Products;10;1.00000;0.00000
2010;GROUP_Products;11;1.00000;0.00000
2010;GROUP_Products;12;0.00000;1.00000
2010;GROUP_Products;13;0.21512;0.78488
2010;GROUP_Products;14;0.00000;1.00000
2010;GROUP_Products;15;0.20436;0.79564
2010;GROUP_Products;16;0.00000;1.00000
2010;GROUP_Products;17;0.00000;1.00000
2010;GROUP_Products;18;0.00000;1.00000
2010;GROUP_Products;19;0.00000;1.00000
2010;GROUP_Products;22;0.86412;0.13588
2010;GROUP_Products;25;0.00000;1.00000
2010;GROUP_Products;26;1.00000;0.00000
2010;GROUP_Products;27;0.31362;0.68638
2010;GROUP_Products;28;0.00000;1.00000
2010;GROUP_Products;29;0.00000;1.00000
2010;GROUP_Products;37;0.00000;1.00000
2010;GROUP_Products;38;0.00000;1.00000
2010;GROUP_Products;40;0.00000;1.00000
2010;GROUP_Products;43;0.00000;1.00000
2010;GROUP_Transport;1;0.00000;1.00000
2010;GROUP_Transport;3;0.00000;1.00000
2010;GROUP_Transport;4;0.96257;0.03743
2010;GROUP_Transport;5;0.00000;1.00000
2010;GROUP_Transport;6;0.11952;0.88048
2010;GROUP_Transport;7;0.00000;1.00000
2010;GROUP_Transport;8;0.00000;1.00000
2010;GROUP_Transport;10;;
2010;GROUP_Transport;11;;
2010;GROUP_Transport;12;0.00000;1.00000
2010;GROUP_Transport;13;0.00000;1.00000
2010;GROUP_Transport;14;0.00000;1.00000
2010;GROUP_Transport;15;0.00000;1.00000
2010;GROUP_Transport;16;0.00054;0.99946
2010;GROUP_Transport;17;0.00000;1.00000
2010;GROUP_Transport;18;0.00000;1.00000
2010;GROUP_Transport;19;0.00000;1.00000
2010;GROUP_Transport;22;0.00000;1.00000
2010;GROUP_Transport;25;0.00000;1.00000
2010;GROUP_Transport;26;0.00000;1.00000
2010;GROUP_Transport;27;0.00000;1.00000
2010;GROUP_Transport;28;0.00000;1.00000
2010;GROUP_Transport;29;0.00000;1.00000
2010;GROUP_Transport;30;;
2010;GROUP_Transport;31;;
2010;GROUP_Transport;37;0.00000;1.00000
2010;GROUP_Transport;38;0.00000;1.00000
2010;GROUP_Transport;40;0.00000;1.00000
2010;GROUP_Transport;43;0.00000;1.00000
2005;GROUP_Agriculture;1;0.00000;1.00000
2005;GROUP_Agriculture;3;0.00000;1.00000
2005;GROUP_Agriculture;5;0.00000;1.00000
2005;GROUP_Agriculture;7;0.00000;1.00000
2005;GROUP_Agriculture;8;0.00000;1.00000
2005;GROUP_Agriculture;12;0.00000;1.00000
2005;GROUP_Agriculture;13;0.00000;1.00000
2005;GROUP_Agriculture;14;0.00000;1.00000
2005;GROUP_Agriculture;15;0.00000;1.00000
2005;GROUP_Agriculture;16;0.00000;1.00000
2005;GROUP_Agriculture;17;0.00000;1.00000
2005;GROUP_Agriculture;18;0.00000;1.00000
2005;GROUP_Agriculture;19;0.00000;1.00000
2005;GROUP_Agriculture;22;0.00000;1.00000
2005;GROUP_Agriculture;25;0.00000;1.00000
2005;GROUP_Agriculture;27;0.00000;1.00000
2005;GROUP_Agriculture;28;0.00000;1.00000
2005;GROUP_Agriculture;29;0.00000;1.00000
2005;GROUP_Agriculture;37;0.00000;1.00000
2005;GROUP_Agriculture;38;0.00000;1.00000
2005;GROUP_Agriculture;43;0.00000;1.00000
2005;GROUP_OtherComb;1;0.00000;1.00000
2005;GROUP_OtherComb;3;0.00000;1.00000
2005;GROUP_OtherComb;4;0.00000;1.00000
2005;GROUP_OtherComb;5;0.00000;1.00000
2005;GROUP_OtherComb;6;0.00660;0.99340
2005;GROUP_OtherComb;7;0.00000;1.00000
2005;GROUP_OtherComb;8;0.00000;1.00000
2005;GROUP_OtherComb;10;0.00000;1.00000
2005;GROUP_OtherComb;11;0.00000;1.00000
2005;GROUP_OtherComb;12;0.00000;1.00000
2005;GROUP_OtherComb;13;0.00000;1.00000
2005;GROUP_OtherComb;14;0.00261;0.99739
2005;GROUP_OtherComb;15;0.00000;1.00000
2005;GROUP_OtherComb;16;0.00648;0.99352
2005;GROUP_OtherComb;17;0.00000;1.00000
2005;GROUP_OtherComb;18;0.00073;0.99927
2005;GROUP_OtherComb;19;0.00000;1.00000
2005;GROUP_OtherComb;22;0.01550;0.98450
2005;GROUP_OtherComb;25;0.00000;1.00000
2005;GROUP_OtherComb;26;0.00000;1.00000
2005;GROUP_OtherComb;27;0.00399;0.99601
2005;GROUP_OtherComb;28;0.00000;1.00000
2005;GROUP_OtherComb;29;0.00000;1.00000
2005;GROUP_OtherComb;30;0.00721;0.99279
2005;GROUP_OtherComb;31;0.00411;0.99589
2005;GROUP_OtherComb;37;0.00000;1.00000
2005;GROUP_OtherComb;38;0.00000;1.00000
2005;GROUP_OtherComb;39;0.00000;1.00000
2005;GROUP_OtherComb;40;0.00000;1.00000
2005;GROUP_OtherComb;43;0.00000;1.00000
2005;GROUP_OtherComb;44;0.00000;1.00000
2005;GROUP_PowerIndustry;1;0.35137;0.64863
2005;GROUP_PowerIndustry;3;0.38939;0.61061
2005;GROUP_PowerIndustry;4;0.11604;0.88396
2005;GROUP_PowerIndustry;5;0.16601;0.83399
2005;GROUP_PowerIndustry;6;0.95718;0.04282
2005;GROUP_PowerIndustry;7;0.39525;0.60475
2005;GROUP_PowerIndustry;8;0.58054;0.41946
2005;GROUP_PowerIndustry;10;0.22411;0.77589
2005;GROUP_PowerIndustry;11;0.11755;0.88245
2005;GROUP_PowerIndustry;12;0.77132;0.22868
2005;GROUP_PowerIndustry;13;0.99656;0.00344
2005;GROUP_PowerIndustry;14;0.46583;0.53417
2005;GROUP_PowerIndustry;15;0.42104;0.57896
2005;GROUP_PowerIndustry;16;0.95672;0.04328
2005;GROUP_PowerIndustry;17;0.02468;0.97532
2005;GROUP_PowerIndustry;18;0.26512;0.73488
2005;GROUP_PowerIndustry;19;0.20282;0.79718
2005;GROUP_PowerIndustry;22;0.95602;0.04398
2005;GROUP_PowerIndustry;25;0.45455;0.54545
2005;GROUP_PowerIndustry;26;0.83026;0.16974
2005;GROUP_PowerIndustry;27;0.70235;0.29765
2005;GROUP_PowerIndustry;28;0.00000;1.00000
2005;GROUP_PowerIndustry;29;0.00000;1.00000
2005;GROUP_PowerIndustry;30;0.91419;0.08581
2005;GROUP_PowerIndustry;31;0.37905;0.62095
2005;GROUP_PowerIndustry;34;1.00000;0.00000
2005;GROUP_PowerIndustry;35;1.00000;0.00000
2005;GROUP_PowerIndustry;36;1.00000;0.00000
2005;GROUP_PowerIndustry;37;0.54054;0.45946
2005;GROUP_PowerIndustry;38;0.72186;0.27814
2005;GROUP_PowerIndustry;40;0.00000;1.00000
2005;GROUP_PowerIndustry;41;1.00000;0.00000
2005;GROUP_PowerIndustry;43;0.00000;1.00000
2005;GROUP_Products;1;0.00000;1.00000
2005;GROUP_Products;3;0.00000;1.00000
2005;GROUP_Products;4;1.00000;0.00000
2005;GROUP_Products;5;0.00000;1.00000
2005;GROUP_Products;7;0.00000;1.00000
2005;GROUP_Products;8;0.00000;1.00000
2005;GROUP_Products;12;0.00000;1.00000
2005;GROUP_Products;13;0.38303;0.61697
2005;GROUP_Products;14;0.00000;1.00000
2005;GROUP_Products;15;0.27864;0.72136
2005;GROUP_Products;16;0.00000;1.00000
2005;GROUP_Products;17;0.00000;1.00000
2005;GROUP_Products;18;0.00000;1.00000
2005;GROUP_Products;19;0.00000;1.00000
2005;GROUP_Products;22;0.93842;0.06158
2005;GROUP_Products;25;0.00000;1.00000
2005;GROUP_Products;27;0.48184;0.51816
2005;GROUP_Products;28;0.00000;1.00000
2005;GROUP_Products;29;0.00000;1.00000
2005;GROUP_Products;37;0.00000;1.00000
2005;GROUP_Products;38;0.00000;1.00000
2005;GROUP_Products;40;0.00000;1.00000
2005;GROUP_Products;43;0.00000;1.00000
2005;GROUP_Transport;1;0.00000;1.00000
2005;GROUP_Transport;3;0.00000;1.00000
2005;GROUP_Transport;4;0.98336;0.01664
2005;GROUP_Transport;5;0.00000;1.00000
2005;GROUP_Transport;6;0.20763;0.79237
2005;GROUP_Transport;7;0.00000;1.00000
2005;GROUP_Transport;8;0.00000;1.00000
2005;GROUP_Transport;10;;
2005;GROUP_Transport;11;;
2005;GROUP_Transport;12;0.00000;1.00000
2005;GROUP_Transport;13;0.00000;1.00000
2005;GROUP_Transport;14;0.00000;1.00000
2005;GROUP_Transport;15;0.00000;1.00000
2005;GROUP_Transport;16;0.00086;0.99914
2005;GROUP_Transport;17;0.00000;1.00000
2005;GROUP_Transport;18;0.00000;1.00000
2005;GROUP_Transport;19;0.00000;1.00000
2005;GROUP_Transport;22;0.00000;1.00000
2005;GROUP_Transport;25;0.00000;1.00000
2005;GROUP_Transport;26;0.00000;1.00000
2005;GROUP_Transport;27;0.00000;1.00000
2005;GROUP_Transport;28;0.00000;1.00000
2005;GROUP_Transport;29;0.00000;1.00000
2005;GROUP_Transport;30;;
2005;GROUP_Transport;31;;
2005;GROUP_Transport;37;0.00000;1.00000
2005;GROUP_Transport;38;0.00000;1.00000
2005;GROUP_Transport;40;0.00000;1.00000
2005;GROUP_Transport;43;0.00000;1.00000
2000;GROUP_Agriculture;1;0.00000;1.00000
2000;GROUP_Agriculture;3;0.00000;1.00000
2000;GROUP_Agriculture;5;0.00000;1.00000
2000;GROUP_Agriculture;7;0.00000;1.00000
2000;GROUP_Agriculture;8;0.00000;1.00000
2000;GROUP_Agriculture;12;0.00000;1.00000
2000;GROUP_Agriculture;13;0.00000;1.00000
2000;GROUP_Agriculture;14;0.00000;1.00000
2000;GROUP_Agriculture;15;0.00000;1.00000
2000;GROUP_Agriculture;16;0.00000;1.00000
2000;GROUP_Agriculture;17;0.00000;1.00000
2000;GROUP_Agriculture;18;0.00000;1.00000
2000;GROUP_Agriculture;19;0.00000;1.00000
2000;GROUP_Agriculture;22;0.00000;1.00000
2000;GROUP_Agriculture;25;0.00000;1.00000
2000;GROUP_Agriculture;27;0.00000;1.00000
2000;GROUP_Agriculture;28;0.00000;1.00000
2000;GROUP_Agriculture;29;0.00000;1.00000
2000;GROUP_Agriculture;37;0.00000;1.00000
2000;GROUP_Agriculture;38;0.00000;1.00000
2000;GROUP_Agriculture;43;0.00000;1.00000
2000;GROUP_OtherComb;1;0.00000;1.00000
2000;GROUP_OtherComb;3;0.00000;1.00000
2000;GROUP_OtherComb;4;0.00000;1.00000
2000;GROUP_OtherComb;5;0.00000;1.00000
2000;GROUP_OtherComb;6;0.01593;0.98407
2000;GROUP_OtherComb;7;0.00000;1.00000
2000;GROUP_OtherComb;8;0.00000;1.00000
2000;GROUP_OtherComb;10;0.00000;1.00000
2000;GROUP_OtherComb;11;0.00000;1.00000
2000;GROUP_OtherComb;12;0.00000;1.00000
2000;GROUP_OtherComb;13;0.00000;1.00000
2000;GROUP_OtherComb;14;0.00000;1.00000
2000;GROUP_OtherComb;15;0.00087;0.99913
2000;GROUP_OtherComb;16;0.01807;0.98193
2000;GROUP_OtherComb;17;0.00000;1.00000
2000;GROUP_OtherComb;18;0.00000;1.00000
2000;GROUP_OtherComb;19;0.00000;1.00000
2000;GROUP_OtherComb;22;0.02785;0.97215
2000;GROUP_OtherComb;25;0.00000;1.00000
2000;GROUP_OtherComb;26;0.00000;1.00000
2000;GROUP_OtherComb;27;0.00743;0.99257
2000;GROUP_OtherComb;28;0.00000;1.00000
2000;GROUP_OtherComb;29;0.00000;1.00000
2000;GROUP_OtherComb;30;0.04436;0.95564
2000;GROUP_OtherComb;31;0.00000;1.00000
2000;GROUP_OtherComb;37;0.00000;1.00000
2000;GROUP_OtherComb;38;0.00000;1.00000
2000;GROUP_OtherComb;39;0.00000;1.00000
2000;GROUP_OtherComb;40;0.00000;1.00000
2000;GROUP_OtherComb;43;0.00000;1.00000
2000;GROUP_OtherComb;44;0.00000;1.00000
2000;GROUP_PowerIndustry;1;0.62484;0.37516
2000;GROUP_PowerIndustry;3;0.43386;0.56614
2000;GROUP_PowerIndustry;4;0.02411;0.97589
2000;GROUP_PowerIndustry;5;0.17516;0.82484
2000;GROUP_PowerIndustry;6;0.98563;0.01437
2000;GROUP_PowerIndustry;7;0.64362;0.35638
2000;GROUP_PowerIndustry;8;0.67843;0.32157
2000;GROUP_PowerIndustry;10;0.06723;0.93277
2000;GROUP_PowerIndustry;11;0.10166;0.89834
2000;GROUP_PowerIndustry;12;0.62156;0.37844
2000;GROUP_PowerIndustry;13;0.99558;0.00442
2000;GROUP_PowerIndustry;14;0.58590;0.41410
2000;GROUP_PowerIndustry;15;0.48612;0.51388
2000;GROUP_PowerIndustry;16;0.98602;0.01398
2000;GROUP_PowerIndustry;17;0.00040;0.99960
2000;GROUP_PowerIndustry;18;0.47093;0.52907
2000;GROUP_PowerIndustry;19;0.24988;0.75012
2000;GROUP_PowerIndustry;22;0.97602;0.02398
2000;GROUP_PowerIndustry;25;0.69034;0.30966
2000;GROUP_PowerIndustry;26;0.62908;0.37092
2000;GROUP_PowerIndustry;27;0.82553;0.17447
2000;GROUP_PowerIndustry;28;0.00000;1.00000
2000;GROUP_PowerIndustry;29;0.00000;1.00000
2000;GROUP_PowerIndustry;30;0.72680;0.27320
2000;GROUP_PowerIndustry;31;0.21471;0.78529
2000;GROUP_PowerIndustry;34;1.00000;0.00000
2000;GROUP_PowerIndustry;35;1.00000;0.00000
2000;GROUP_PowerIndustry;36;1.00000;0.00000
2000;GROUP_PowerIndustry;37;0.61009;0.38991
2000;GROUP_PowerIndustry;38;0.00000;1.00000
2000;GROUP_PowerIndustry;40;0.00000;1.00000
2000;GROUP_PowerIndustry;41;1.00000;0.00000
2000;GROUP_PowerIndustry;43;0.00000;1.00000
2000;GROUP_Products;1;0.00000;1.00000
2000;GROUP_Products;3;0.00000;1.00000
2000;GROUP_Products;5;0.00000;1.00000
2000;GROUP_Products;6;1.00000;0.00000
2000;GROUP_Products;7;0.00000;1.00000
2000;GROUP_Products;8;0.00000;1.00000
2000;GROUP_Products;12;0.00000;1.00000
2000;GROUP_Products;13;0.26308;0.73692
2000;GROUP_Products;14;0.00000;1.00000
2000;GROUP_Products;15;0.30868;0.69132
2000;GROUP_Products;16;0.00000;1.00000
2000;GROUP_Products;17;0.00000;1.00000
2000;GROUP_Products;18;0.00000;1.00000
2000;GROUP_Products;19;0.00000;1.00000
2000;GROUP_Products;22;0.95849;0.04151
2000;GROUP_Products;25;0.00000;1.00000
2000;GROUP_Products;27;0.46583;0.53417
2000;GROUP_Products;28;0.00000;1.00000
2000;GROUP_Products;29;0.00000;1.00000
2000;GROUP_Products;37;0.00000;1.00000
2000;GROUP_Products;38;0.00000;1.00000
2000;GROUP_Products;40;0.00000;1.00000
2000;GROUP_Products;43;0.00000;1.00000
2000;GROUP_Transport;1;0.00000;1.00000
2000;GROUP_Transport;3;0.00000;1.00000
2000;GROUP_Transport;4;0.98232;0.01768
2000;GROUP_Transport;5;0.00000;1.00000
2000;GROUP_Transport;6;0.20250;0.79750
2000;GROUP_Transport;7;0.00000;1.00000
2000;GROUP_Transport;8;0.00000;1.00000
2000;GROUP_Transport;10;;
2000;GROUP_Transport;11;;
2000;GROUP_Transport;12;0.00000;1.00000
2000;GROUP_Transport;13;0.00000;1.00000
2000;GROUP_Transport;14;0.00000;1.00000
2000;GROUP_Transport;15;0.00000;1.00000
2000;GROUP_Transport;16;0.00034;0.99966
2000;GROUP_Transport;17;0.00000;1.00000
2000;GROUP_Transport;18;0.00000;1.00000
2000;GROUP_Transport;19;0.00000;1.00000
2000;GROUP_Transport;22;0.00000;1.00000
2000;GROUP_Transport;25;0.00000;1.00000
2000;GROUP_Transport;26;0.00000;1.00000
2000;GROUP_Transport;27;0.00000;1.00000
2000;GROUP_Transport;28;0.00000;1.00000
2000;GROUP_Transport;29;0.00000;1.00000
2000;GROUP_Transport;30;;
2000;GROUP_Transport;31;;
2000;GROUP_Transport;37;0.00000;1.00000
2000;GROUP_Transport;38;0.00000;1.00000
2000;GROUP_Transport;40;0.00000;1.00000
2000;GROUP_Transport;43;0.00000;1.00000
1995;GROUP_Agriculture;1;0.00000;1.00000
1995;GROUP_Agriculture;3;0.00000;1.00000
1995;GROUP_Agriculture;5;0.00000;1.00000
1995;GROUP_Agriculture;7;0.00000;1.00000
1995;GROUP_Agriculture;8;0.00000;1.00000
1995;GROUP_Agriculture;12;0.00000;1.00000
1995;GROUP_Agriculture;13;0.00000;1.00000
1995;GROUP_Agriculture;14;0.00000;1.00000
1995;GROUP_Agriculture;15;0.00000;1.00000
1995;GROUP_Agriculture;16;0.00000;1.00000
1995;GROUP_Agriculture;17;0.00000;1.00000
1995;GROUP_Agriculture;18;0.00000;1.00000
1995;GROUP_Agriculture;19;0.00000;1.00000
1995;GROUP_Agriculture;22;0.00000;1.00000
1995;GROUP_Agriculture;25;0.00000;1.00000
1995;GROUP_Agriculture;27;0.00000;1.00000
1995;GROUP_Agriculture;28;0.00000;1.00000
1995;GROUP_Agriculture;29;0.00000;1.00000
1995;GROUP_Agriculture;37;0.00000;1.00000
1995;GROUP_Agriculture;38;0.00000;1.00000
1995;GROUP_Agriculture;43;0.00000;1.00000
1995;GROUP_OtherComb;1;0.00164;0.99836
1995;GROUP_OtherComb;3;0.00061;0.99939
1995;GROUP_OtherComb;4;0.00000;1.00000
1995;GROUP_OtherComb;5;0.00000;1.00000
1995;GROUP_OtherComb;6;0.02810;0.97190
1995;GROUP_OtherComb;7;0.00010;0.99990
1995;GROUP_OtherComb;8;0.00000;1.00000
1995;GROUP_OtherComb;10;0.00000;1.00000
1995;GROUP_OtherComb;11;0.00596;0.99404
1995;GROUP_OtherComb;12;0.00107;0.99893
1995;GROUP_OtherComb;13;0.00000;1.00000
1995;GROUP_OtherComb;14;0.00785;0.99215
1995;GROUP_OtherComb;15;0.00001;0.99999
1995;GROUP_OtherComb;16;0.03424;0.96576
1995;GROUP_OtherComb;17;0.00000;1.00000
1995;GROUP_OtherComb;18;0.00313;0.99687
1995;GROUP_OtherComb;19;0.00000;1.00000
1995;GROUP_OtherComb;22;0.07283;0.92717
1995;GROUP_OtherComb;25;0.00001;0.99999
1995;GROUP_OtherComb;26;0.00000;1.00000
1995;GROUP_OtherComb;27;0.01173;0.98827
1995;GROUP_OtherComb;28;0.00000;1.00000
1995;GROUP_OtherComb;29;0.00000;1.00000
1995;GROUP_OtherComb;30;0.00000;1.00000
1995;GROUP_OtherComb;31;0.01011;0.98989
1995;GROUP_OtherComb;37;0.00000;1.00000
1995;GROUP_OtherComb;38;0.00000;1.00000
1995;GROUP_OtherComb;39;0.00000;1.00000
1995;GROUP_OtherComb;40;0.00000;1.00000
1995;GROUP_OtherComb;43;0.00000;1.00000
1995;GROUP_OtherComb;44;0.00000;1.00000
1995;GROUP_PowerIndustry;1;0.60824;0.39176
1995;GROUP_PowerIndustry;3;0.62750;0.37250
1995;GROUP_PowerIndustry;4;0.01494;0.98506
1995;GROUP_PowerIndustry;5;0.17511;0.82489
1995;GROUP_PowerIndustry;6;0.97313;0.02687
1995;GROUP_PowerIndustry;7;0.50639;0.49361
1995;GROUP_PowerIndustry;8;0.89677;0.10323
1995;GROUP_PowerIndustry;10;0.03049;0.96951
1995;GROUP_PowerIndustry;11;0.13443;0.86557
1995;GROUP_PowerIndustry;12;0.65218;0.34782
1995;GROUP_PowerIndustry;13;0.38354;0.61646
1995;GROUP_PowerIndustry;14;0.61925;0.38075
1995;GROUP_PowerIndustry;15;0.46230;0.53770
1995;GROUP_PowerIndustry;16;0.98859;0.01141
1995;GROUP_PowerIndustry;17;0.00040;0.99960
1995;GROUP_PowerIndustry;18;0.79400;0.20600
1995;GROUP_PowerIndustry;19;0.00128;0.99872
1995;GROUP_PowerIndustry;22;0.98430;0.01570
1995;GROUP_PowerIndustry;25;0.90412;0.09588
1995;GROUP_PowerIndustry;26;0.00000;1.00000
1995;GROUP_PowerIndustry;27;0.82467;0.17533
1995;GROUP_PowerIndustry;28;0.00000;1.00000
1995;GROUP_PowerIndustry;29;0.00000;1.00000
1995;GROUP_PowerIndustry;30;0.01685;0.98315
1995;GROUP_PowerIndustry;31;0.21866;0.78134
1995;GROUP_PowerIndustry;34;1.00000;0.00000
1995;GROUP_PowerIndustry;36;1.00000;0.00000
1995;GROUP_PowerIndustry;37;0.48171;0.51829
1995;GROUP_PowerIndustry;38;0.00000;1.00000
1995;GROUP_PowerIndustry;40;0.00000;1.00000
1995;GROUP_PowerIndustry;43;0.00000;1.00000
1995;GROUP_Products;1;0.00000;1.00000
1995;GROUP_Products;3;0.00000;1.00000
1995;GROUP_Products;5;0.00000;1.00000
1995;GROUP_Products;7;0.00000;1.00000
1995;GROUP_Products;8;0.00000;1.00000
1995;GROUP_Products;12;0.00000;1.00000
1995;GROUP_Products;13;0.40166;0.59834
1995;GROUP_Products;14;0.00000;1.00000
1995;GROUP_Products;15;0.25520;0.74480
1995;GROUP_Products;16;0.00000;1.00000
1995;GROUP_Products;17;0.00000;1.00000
1995;GROUP_Products;18;0.00000;1.00000
1995;GROUP_Products;19;0.00000;1.00000
1995;GROUP_Products;22;0.95731;0.04269
1995;GROUP_Products;25;0.00000;1.00000
1995;GROUP_Products;27;0.59501;0.40499
1995;GROUP_Products;28;0.00000;1.00000
1995;GROUP_Products;29;0.00000;1.00000
1995;GROUP_Products;37;0.00000;1.00000
1995;GROUP_Products;38;0.00000;1.00000
1995;GROUP_Products;40;0.00000;1.00000
1995;GROUP_Products;43;0.00000;1.00000
1995;GROUP_Transport;1;0.00000;1.00000
1995;GROUP_Transport;3;0.00000;1.00000
1995;GROUP_Transport;4;0.00000;1.00000
1995;GROUP_Transport;5;0.00000;1.00000
1995;GROUP_Transport;6;0.19766;0.80234
1995;GROUP_Transport;7;0.00000;1.00000
1995;GROUP_Transport;8;0.00000;1.00000
1995;GROUP_Transport;10;;
1995;GROUP_Transport;11;;
1995;GROUP_Transport;12;0.00000;1.00000
1995;GROUP_Transport;13;0.00000;1.00000
1995;GROUP_Transport;14;0.00000;1.00000
1995;GROUP_Transport;15;0.00000;1.00000
1995;GROUP_Transport;16;0.00048;0.99952
1995;GROUP_Transport;17;0.00000;1.00000
1995;GROUP_Transport;18;0.00000;1.00000
1995;GROUP_Transport;19;0.00000;1.00000
1995;GROUP_Transport;22;0.00000;1.00000
1995;GROUP_Transport;25;0.00000;1.00000
1995;GROUP_Transport;26;0.00000;1.00000
1995;GROUP_Transport;27;0.00000;1.00000
1995;GROUP_Transport;28;0.00000;1.00000
1995;GROUP_Transport;29;0.00000;1.00000
1995;GROUP_Transport;30;;
1995;GROUP_Transport;31;;
1995;GROUP_Transport;37;0.00000;1.00000
1995;GROUP_Transport;38;0.00000;1.00000
1995;GROUP_Transport;40;0.00000;1.00000
1995;GROUP_Transport;43;0.00000;1.00000
1990;GROUP_Agriculture;1;0.00000;1.00000
1990;GROUP_Agriculture;3;0.00000;1.00000
1990;GROUP_Agriculture;5;0.00000;1.00000
1990;GROUP_Agriculture;7;0.00000;1.00000
1990;GROUP_Agriculture;8;0.00000;1.00000
1990;GROUP_Agriculture;12;0.00000;1.00000
1990;GROUP_Agriculture;13;0.00000;1.00000
1990;GROUP_Agriculture;14;0.00000;1.00000
1990;GROUP_Agriculture;15;0.00000;1.00000
1990;GROUP_Agriculture;16;0.00000;1.00000
1990;GROUP_Agriculture;17;0.00000;1.00000
1990;GROUP_Agriculture;18;0.00000;1.00000
1990;GROUP_Agriculture;19;0.00000;1.00000
1990;GROUP_Agriculture;22;0.00000;1.00000
1990;GROUP_Agriculture;25;0.00000;1.00000
1990;GROUP_Agriculture;27;0.00000;1.00000
1990;GROUP_Agriculture;28;0.00000;1.00000
1990;GROUP_Agriculture;29;0.00000;1.00000
1990;GROUP_Agriculture;37;0.00000;1.00000
1990;GROUP_Agriculture;38;0.00000;1.00000
1990;GROUP_Agriculture;43;0.00000;1.00000
1990;GROUP_OtherComb;1;0.00027;0.99973
1990;GROUP_OtherComb;3;0.00246;0.99754
1990;GROUP_OtherComb;4;0.00000;1.00000
1990;GROUP_OtherComb;5;0.00002;0.99998
1990;GROUP_OtherComb;6;0.02382;0.97618
1990;GROUP_OtherComb;7;0.00016;0.99984
1990;GROUP_OtherComb;8;0.00029;0.99971
1990;GROUP_OtherComb;10;0.00000;1.00000
1990;GROUP_OtherComb;11;0.00000;1.00000
1990;GROUP_OtherComb;12;0.00775;0.99225
1990;GROUP_OtherComb;13;0.00000;1.00000
1990;GROUP_OtherComb;14;0.00001;0.99999
1990;GROUP_OtherComb;15;0.00000;1.00000
1990;GROUP_OtherComb;16;0.04996;0.95004
1990;GROUP_OtherComb;17;0.00000;1.00000
1990;GROUP_OtherComb;18;0.00868;0.99132
1990;GROUP_OtherComb;19;0.00000;1.00000
1990;GROUP_OtherComb;22;0.08134;0.91866
1990;GROUP_OtherComb;25;0.00281;0.99719
1990;GROUP_OtherComb;26;0.00000;1.00000
1990;GROUP_OtherComb;27;0.02097;0.97903
1990;GROUP_OtherComb;28;0.00000;1.00000
1990;GROUP_OtherComb;29;0.00000;1.00000
1990;GROUP_OtherComb;30;0.00000;1.00000
1990;GROUP_OtherComb;31;0.00000;1.00000
1990;GROUP_OtherComb;37;0.00000;1.00000
1990;GROUP_OtherComb;38;0.00000;1.00000
1990;GROUP_OtherComb;39;0.00000;1.00000
1990;GROUP_OtherComb;40;0.00000;1.00000
1990;GROUP_OtherComb;43;0.00000;1.00000
1990;GROUP_OtherComb;44;0.00000;1.00000
1990;GROUP_PowerIndustry;1;0.88088;0.11912
1990;GROUP_PowerIndustry;3;0.85674;0.14326
1990;GROUP_PowerIndustry;4;0.00000;1.00000
1990;GROUP_PowerIndustry;5;0.15893;0.84107
1990;GROUP_PowerIndustry;6;0.56704;0.43296
1990;GROUP_PowerIndustry;7;0.51341;0.48659
1990;GROUP_PowerIndustry;8;0.86652;0.13348
1990;GROUP_PowerIndustry;10;0.12629;0.87371
1990;GROUP_PowerIndustry;11;0.12239;0.87761
1990;GROUP_PowerIndustry;12;0.62933;0.37067
1990;GROUP_PowerIndustry;13;0.48871;0.51129
1990;GROUP_PowerIndustry;14;0.60520;0.39480
1990;GROUP_PowerIndustry;15;0.41964;0.58036
1990;GROUP_PowerIndustry;16;0.98248;0.01752
1990;GROUP_PowerIndustry;17;0.00001;0.99999
1990;GROUP_PowerIndustry;18;0.84144;0.15856
1990;GROUP_PowerIndustry;19;0.00769;0.99231
1990;GROUP_PowerIndustry;22;0.99118;0.00882
1990;GROUP_PowerIndustry;25;0.89262;0.10738
1990;GROUP_PowerIndustry;26;0.65022;0.34978
1990;GROUP_PowerIndustry;27;0.91203;0.08797
1990;GROUP_PowerIndustry;28;0.00000;1.00000
1990;GROUP_PowerIndustry;29;0.00000;1.00000
1990;GROUP_PowerIndustry;30;0.00651;0.99349
1990;GROUP_PowerIndustry;31;0.09634;0.90366
1990;GROUP_PowerIndustry;34;1.00000;0.00000
1990;GROUP_PowerIndustry;37;0.94463;0.05537
1990;GROUP_PowerIndustry;38;0.00000;1.00000
1990;GROUP_PowerIndustry;40;0.00000;1.00000
1990;GROUP_PowerIndustry;43;0.00000;1.00000
1990;GROUP_Products;1;0.00000;1.00000
1990;GROUP_Products;3;0.00000;1.00000
1990;GROUP_Products;5;0.00000;1.00000
1990;GROUP_Products;7;0.00000;1.00000
1990;GROUP_Products;8;0.00000;1.00000
1990;GROUP_Products;12;0.00000;1.00000
1990;GROUP_Products;13;0.18869;0.81131
1990;GROUP_Products;14;0.00000;1.00000
1990;GROUP_Products;15;0.14596;0.85404
1990;GROUP_Products;16;0.00000;1.00000
1990;GROUP_Products;17;0.00000;1.00000
1990;GROUP_Products;18;0.00000;1.00000
1990;GROUP_Products;19;0.00000;1.00000
1990;GROUP_Products;22;0.97504;0.02496
1990;GROUP_Products;25;0.00000;1.00000
1990;GROUP_Products;27;0.56331;0.43669
1990;GROUP_Products;28;0.00000;1.00000
1990;GROUP_Products;29;0.00000;1.00000
1990;GROUP_Products;37;0.00000;1.00000
1990;GROUP_Products;38;0.00000;1.00000
1990;GROUP_Products;40;0.00000;1.00000
1990;GROUP_Products;43;0.00000;1.00000
1990;GROUP_Transport;1;0.00000;1.00000
1990;GROUP_Transport;3;0.00000;1.00000
1990;GROUP_Transport;4;0.90159;0.09841
1990;GROUP_Transport;5;0.00000;1.00000
1990;GROUP_Transport;6;0.06718;0.93282
1990;GROUP_Transport;7;0.00000;1.00000
1990;GROUP_Transport;8;0.00000;1.00000
1990;GROUP_Transport;10;;
1990;GROUP_Transport;11;;
1990;GROUP_Transport;12;0.00000;1.00000
1990;GROUP_Transport;13;0.00000;1.00000
1990;GROUP_Transport;14;0.00000;1.00000
1990;GROUP_Transport;15;0.00000;1.00000
1990;GROUP_Transport;16;0.00005;0.99995
1990;GROUP_Transport;17;0.00000;1.00000
1990;GROUP_Transport;18;0.00000;1.00000
1990;GROUP_Transport;19;0.00000;1.00000
1990;GROUP_Transport;22;0.00000;1.00000
1990;GROUP_Transport;25;0.00000;1.00000
1990;GROUP_Transport;26;0.00000;1.00000
1990;GROUP_Transport;27;0.00000;1.00000
1990;GROUP_Transport;28;0.00000;1.00000
1990;GROUP_Transport;29;0.00000;1.00000
1990;GROUP_Transport;30;;
1990;GROUP_Transport;31;;
1990;GROUP_Transport;37;0.00000;1.00000
1990;GROUP_Transport;38;0.00000;1.00000
1990;GROUP_Transport;40;0.00000;1.00000
1990;GROUP_Transport;43;0.00000;1.00000